"threshold","specificity","sensitivity"
-Inf,0,1
1.5,0.119951674145668,0.998797836104989
2.5,0.277183293061788,0.996994590262473
3.5,0.475664480497066,0.981967541574835
4.5,0.684443677367392,0.88218793828892
5.5,0.812449660568404,0.750350631136045
6.5,0.88787251179381,0.608294930875576
7.5,0.938787251179381,0.467842115808455
8.5,0.975434357381199,0.325786415547986
9.5,0.993038775745024,0.186736125025045
10.5,0.999079507536532,0.0743338008415147
11.5,0.999769876884133,0.027449408936085
Inf,1,0
